collection_period,name,status,computed_cents,reported_cents,residual_cents
2025-08-31,servicing_fee,PASS,101753767,101753767,0
2025-08-31,total_note_interest,PASS,470979386,470979386,0
2025-08-31,total_note_principal,DIFFERENCE,4498148182,4498155790,-7608
2025-08-31,residual_distribution,DIFFERENCE,340710281,340702673,7608
2025-08-31,reserve_deposit,PASS,0,0,0
2025-08-31,reserve_end,PASS,352644855,352644855,0
2025-08-31,reserve_release,PASS,1260152,1260152,0
2025-08-31,interest.A1,PASS,36037390,36037390,0
2025-08-31,interest.A2a,PASS,133875000,133875000,0
2025-08-31,interest.A2b,PASS,69993813,69993813,0
2025-08-31,interest.A3,PASS,168784000,168784000,0
2025-08-31,interest.A4,PASS,34487500,34487500,0
2025-08-31,interest.B,PASS,11953600,11953600,0
2025-08-31,interest.C,PASS,9098800,9098800,0
2025-08-31,interest.D,PASS,6749283,6749283,0
2025-08-31,principal.A1,DIFFERENCE,4498148182,4498155790,-7608
2025-08-31,principal.A2a,PASS,0,0,0
2025-08-31,principal.A2b,PASS,0,0,0
2025-08-31,principal.A3,PASS,0,0,0
2025-08-31,principal.A4,PASS,0,0,0
2025-08-31,principal.B,PASS,0,0,0
2025-08-31,principal.C,PASS,0,0,0
2025-08-31,principal.D,PASS,0,0,0
2025-08-31,note_end.A1,DIFFERENCE,4868430168,4868422560,7608
2025-08-31,note_end.A2a,PASS,35000000000,35000000000,0
2025-08-31,note_end.A2b,PASS,16151000000,16151000000,0
2025-08-31,note_end.A3,PASS,45210000000,45210000000,0
2025-08-31,note_end.A4,PASS,8900000000,8900000000,0
2025-08-31,note_end.B,PASS,2892000000,2892000000,0
2025-08-31,note_end.C,PASS,2116000000,2116000000,0
2025-08-31,note_end.D,PASS,1411000000,1411000000,0
2025-08-31,priority_principal,PASS,0,0,0
2025-08-31,secondary_principal,PASS,0,0,0
2025-08-31,tertiary_principal,PASS,2029213616,2029213616,0
2025-08-31,quaternary_principal,PASS,1411000000,1411000000,0
2025-08-31,regular_principal,DIFFERENCE,1057934566,1057942174,-7608
2025-08-31,oc_target,DIFFERENCE,1057934566,1057942174,-7608
2025-11-30,servicing_fee,PASS,91166772,91166772,0
2025-11-30,total_note_interest,PASS,412950698,412950698,0
2025-11-30,total_note_principal,DIFFERENCE,3782841096,3782848704,-7608
2025-11-30,residual_distribution,DIFFERENCE,326836406,326828798,7608
2025-11-30,reserve_deposit,PASS,0,0,0
2025-11-30,reserve_end,PASS,352644855,352644855,0
2025-11-30,reserve_release,PASS,1129288,1129288,0
2025-11-30,interest.A1,PASS,0,0,0
2025-11-30,interest.A2a,PASS,125139099,125139099,0
2025-11-30,interest.A2b,PASS,56738416,56738416,0
2025-11-30,interest.A3,PASS,168784000,168784000,0
2025-11-30,interest.A4,PASS,34487500,34487500,0
2025-11-30,interest.B,PASS,11953600,11953600,0
2025-11-30,interest.C,PASS,9098800,9098800,0
2025-11-30,interest.D,PASS,6749283,6749283,0
2025-11-30,principal.A1,PASS,0,0,0
2025-11-30,principal.A2a,DIFFERENCE,2588403714,2588408919,-5205
2025-11-30,principal.A2b,DIFFERENCE,1194437382,1194439785,-2403
2025-11-30,principal.A3,PASS,0,0,0
2025-11-30,principal.A4,PASS,0,0,0
2025-11-30,principal.B,PASS,0,0,0
2025-11-30,principal.C,PASS,0,0,0
2025-11-30,principal.D,PASS,0,0,0
2025-11-30,note_end.A1,PASS,0,0,0
2025-11-30,note_end.A2a,DIFFERENCE,30127700566,30127695361,5205
2025-11-30,note_end.A2b,DIFFERENCE,13902642624,13902640221,2403
2025-11-30,note_end.A3,PASS,45210000000,45210000000,0
2025-11-30,note_end.A4,PASS,8900000000,8900000000,0
2025-11-30,note_end.B,PASS,2892000000,2892000000,0
2025-11-30,note_end.C,PASS,2116000000,2116000000,0
2025-11-30,note_end.D,PASS,1411000000,1411000000,0
2025-11-30,priority_principal,PASS,0,0,0
2025-11-30,secondary_principal,PASS,0,0,0
2025-11-30,tertiary_principal,PASS,1313906530,1313906530,0
2025-11-30,quaternary_principal,PASS,1411000000,1411000000,0
2025-11-30,regular_principal,DIFFERENCE,1057934566,1057942174,-7608
2025-11-30,oc_target,DIFFERENCE,1057934566,1057942174,-7608
